{"MSE": 2.453704309067444, "_timestamp": 1685808283.5869987, "_runtime": 11.968812704086304, "_step": 0, "_wandb": {"runtime": 11}}