{"MSE": 2.4680751717991325, "_timestamp": 1685808204.7029326, "_runtime": 8.027746677398682, "_step": 0, "_wandb": {"runtime": 7}}