{"MSE": 2.4561391768046748, "_timestamp": 1685808254.7793226, "_runtime": 9.785808563232422, "_step": 0, "_wandb": {"runtime": 8}}