{"MSE": 2.4600875495942014, "_timestamp": 1685808228.3135548, "_runtime": 9.02483582496643, "_step": 0, "_wandb": {"runtime": 8}}