{"MSE": 2.4598725938998567, "_timestamp": 1685808173.711013, "_runtime": 8.916599988937378, "_step": 0, "_wandb": {"runtime": 7}}