{"MSE": 2.453983836538874, "_timestamp": 1685807588.8588262, "_runtime": 15.666332244873047, "_step": 0, "_wandb": {"runtime": 15}}